Country,ISO_Code,R_Output,EQUAL?
AFGHANISTAN,AF,AFGHANISTAN,TRUE
ALAND ISLANDS,AX,ALAND ISLANDS,TRUE
ALBANIA,AL,ALBANIA,TRUE
ALGERIA,DZ,ALGERIA,TRUE
AMERICAN SAMOA,AS,AMERICAN SAMOA,TRUE
ANDORRA,AD,ANDORRA,TRUE
ANGOLA,AO,ANGOLA,TRUE
ANGUILLA,AI,ANGUILLA,TRUE
ANTIGUA AND BARBUDA,AG,ANTIGUA AND BARBUDA,TRUE
ARGENTINA,AR,ARGENTINA,TRUE
ARMENIA,AM,ARMENIA,TRUE
ARUBA,AW,ARUBA,TRUE
AUSTRALIA,AU,AUSTRALIA,TRUE
AUSTRIA,AT,AUSTRIA,TRUE
AZERBAIJAN,AZ,AZERBAIJAN,TRUE
BAHAMAS,BS,BAHAMAS,TRUE
BAHRAIN,BH,BAHRAIN,TRUE
BANGLADESH,BD,BANGLADESH,TRUE
BARBADOS,BB,BARBADOS,TRUE
BELARUS,BY,BELARUS,TRUE
BELGIUM,BE,BELGIUM,TRUE
BELIZE,BZ,BELIZE,TRUE
BENIN,BJ,BENIN,TRUE
BERMUDA,BM,BERMUDA,TRUE
BOLIVIA,BO,BOLIVIA,TRUE
BOSNIA AND HERZEGOWINA,BA,BOSNIA AND HERZEGOWINA,TRUE
BOTSWANA,BW,BOTSWANA,TRUE
BRAZIL,BR,BRAZIL,TRUE
BRUNEI DARUSSALAM,BN,BRUNEI DARUSSALAM,TRUE
BULGARIA,BG,BULGARIA,TRUE
BURKINA FASO,BF,BURKINA FASO,TRUE
BURUNDI,BI,BURUNDI,TRUE
CAMBODIA,KH,CAMBODIA,TRUE
CAMEROON,CM,CAMEROON,TRUE
CANADA,CA,CANADA,TRUE
CAPE VERDE,CV,CAPE VERDE,TRUE
CAYMAN ISLANDS,KY,CAYMAN ISLANDS,TRUE
CHILE,CL,CHILE,TRUE
CHINA,CN,CHINA,TRUE
COLOMBIA,CO,COLOMBIA,TRUE
CONGO,CG,CONGO,TRUE
"CONGO, THE DEMOCRATIC REPUBLIC OF THE",CD,"CONGO, THE DEMOCRATIC REPUBLIC OF THE",TRUE
COSTA RICA,CR,COSTA RICA,TRUE
COTE D'IVOIRE,CI,COTE D'IVOIRE,TRUE
CROATIA (local name: Hrvatska),HR,CROATIA (local name: Hrvatska),TRUE
CUBA,CU,CUBA,TRUE
CURACAO,NL,CURACAO,TRUE
CYPRUS,CY,CYPRUS,TRUE
CZECH REPUBLIC,CZ,CZECH REPUBLIC,TRUE
DENMARK,DK,DENMARK,TRUE
DOMINICA,DM,DOMINICA,TRUE
DOMINICAN REPUBLIC,DO,DOMINICAN REPUBLIC,TRUE
ECUADOR,EC,ECUADOR,TRUE
EGYPT,EG,EGYPT,TRUE
EL SALVADOR,SV,EL SALVADOR,TRUE
ESTONIA,EE,ESTONIA,TRUE
ETHIOPIA,ET,ETHIOPIA,TRUE
European Union,EUR,European Union,TRUE
FAROE ISLANDS,FO,FAROE ISLANDS,TRUE
FIJI,FJ,FIJI,TRUE
FINLAND,FI,FINLAND,TRUE
FRANCE,FR,FRANCE,TRUE
"FRANCE, METROPOLITAN",FR,"FRANCE, METROPOLITAN",TRUE
FRENCH GUIANA,GF,FRENCH GUIANA,TRUE
FRENCH POLYNESIA,PF,FRENCH POLYNESIA,TRUE
FRENCH SOUTHERN TERRITORIES,TF,FRENCH SOUTHERN TERRITORIES,TRUE
GABON,GA,GABON,TRUE
GAMBIA,GM,GAMBIA,TRUE
GEORGIA,GE,GEORGIA,TRUE
GERMANY,DE,GERMANY,TRUE
GHANA,GH,GHANA,TRUE
GIBRALTAR,GI,GIBRALTAR,TRUE
GREECE,GR,GREECE,TRUE
GREENLAND,GL,GREENLAND,TRUE
GRENADA,GD,GRENADA,TRUE
GUADELOUPE,GP,GUADELOUPE,TRUE
GUAM,GU,GUAM,TRUE
GUATEMALA,GT,GUATEMALA,TRUE
GUINEA-BISSAU,GW,GUINEA-BISSAU,TRUE
GUYANA,GY,GUYANA,TRUE
HAITI,HT,HAITI,TRUE
HONDURAS,HN,HONDURAS,TRUE
HONG KONG,HK,HONG KONG,TRUE
HUNGARY,HU,HUNGARY,TRUE
ICELAND,IS,ICELAND,TRUE
INDIA,IN,INDIA,TRUE
INDONESIA,ID,INDONESIA,TRUE
IRAN (ISLAMIC REPUBLIC OF),IR,IRAN (ISLAMIC REPUBLIC OF),TRUE
IRAQ,IQ,IRAQ,TRUE
IRELAND,IE,IRELAND,TRUE
ISLE OF MAN,IM,ISLE OF MAN,TRUE
ISRAEL,IL,ISRAEL,TRUE
ITALY,IT,ITALY,TRUE
JAMAICA,JM,JAMAICA,TRUE
JAPAN,JP,JAPAN,TRUE
JORDAN,JO,JORDAN,TRUE
KAZAKHSTAN,KZ,KAZAKHSTAN,TRUE
KENYA,KE,KENYA,TRUE
KIRIBATI,KI,KIRIBATI,TRUE
"KOREA, DEMOCRATIC PEOPLE'S REPUBLIC OF",KP,"KOREA, DEMOCRATIC PEOPLE''S REPUBLIC OF",FALSE
"KOREA, REPUBLIC OF",KR,"KOREA, REPUBLIC OF",TRUE
KUWAIT,KW,KUWAIT,TRUE
KYRGYZSTAN,KG,KYRGYZSTAN,TRUE
LAO PEOPLE'S DEMOCRATIC REPUBLIC,LA,LAO PEOPLE'S DEMOCRATIC REPUBLIC,TRUE
LATVIA,LV,LATVIA,TRUE
LEBANON,LB,LEBANON,TRUE
LESOTHO,LS,LESOTHO,TRUE
LIBERIA,LR,LIBERIA,TRUE
LIBYAN ARAB JAMAHIRIYA,LY,LIBYAN ARAB JAMAHIRIYA,TRUE
LIECHTENSTEIN,LI,LIECHTENSTEIN,TRUE
LITHUANIA,LT,LITHUANIA,TRUE
LUXEMBOURG,LU,LUXEMBOURG,TRUE
MACAU,MO,MACAU,TRUE
"MACEDONIA, THE FORMER YUGOSLAV REPUBLIC OF",MK,"MACEDONIA, THE FORMER YUGOSLAV REPUBLIC OF",TRUE
MADAGASCAR,MG,MADAGASCAR,TRUE
MALAWI,MW,MALAWI,TRUE
MALAYSIA,MY,MALAYSIA,TRUE
MALI,ML,MALI,TRUE
MALTA,MT,MALTA,TRUE
MARTINIQUE,MQ,MARTINIQUE,TRUE
MAURITANIA,MR,MAURITANIA,TRUE
MAURITIUS,MU,MAURITIUS,TRUE
MAYOTTE,YT,MAYOTTE,TRUE
MEXICO,MX,MEXICO,TRUE
"MICRONESIA, FEDERATED STATES OF",FM,"MICRONESIA, FEDERATED STATES OF",TRUE
"MOLDOVA, REPUBLIC OF",MD,"MOLDOVA, REPUBLIC OF",TRUE
MONACO,MC,MONACO,TRUE
MONGOLIA,MN,MONGOLIA,TRUE
MONTENEGRO,ME,MONTENEGRO,TRUE
MONTSERRAT,MS,MONTSERRAT,TRUE
MOROCCO,MA,MOROCCO,TRUE
MYANMAR,MM,MYANMAR,TRUE
NAMIBIA,NA,NAMIBIA,TRUE
NEPAL,NP,NEPAL,TRUE
NETHERLANDS,NL,NETHERLANDS,TRUE
NETHERLANDS ANTILLES,AN,NETHERLANDS ANTILLES,TRUE
NETHERLANDS ANTILLES (retired code),AN,NETHERLANDS ANTILLES (retired code),TRUE
NEW CALEDONIA,NC,NEW CALEDONIA,TRUE
NEW ZEALAND,NZ,NEW ZEALAND,TRUE
NICARAGUA,NI,NICARAGUA,TRUE
NIGER,NE,NIGER,TRUE
NIGERIA,NG,NIGERIA,TRUE
NORFOLK ISLAND,NF,NORFOLK ISLAND,TRUE
NORWAY,NO,NORWAY,TRUE
OMAN,OM,OMAN,TRUE
PAKISTAN,PK,PAKISTAN,TRUE
"PALESTINIAN TERRITORY, OCCUPIED",PS,"PALESTINIAN TERRITORY, OCCUPIED",TRUE
PANAMA,PA,PANAMA,TRUE
PAPUA NEW GUINEA,PG,PAPUA NEW GUINEA,TRUE
PARAGUAY,PY,PARAGUAY,TRUE
PERU,PE,PERU,TRUE
PHILIPPINES,PH,PHILIPPINES,TRUE
POLAND,PL,POLAND,TRUE
PORTUGAL,PT,PORTUGAL,TRUE
PUERTO RICO,PR,PUERTO RICO,TRUE
QATAR,QA,QATAR,TRUE
REUNION,RE,REUNION,TRUE
ROMANIA,RO,ROMANIA,TRUE
RUSSIAN FEDERATION,RU,RUSSIAN FEDERATION,TRUE
RWANDA,RW,RWANDA,TRUE
SAINT KITTS AND NEVIS,KN,SAINT KITTS AND NEVIS,TRUE
SAMOA,WS,SAMOA,TRUE
SAUDI ARABIA,SA,SAUDI ARABIA,TRUE
SENEGAL,SN,SENEGAL,TRUE
SERBIA,RS,SERBIA,TRUE
SERBIA AND MONTENEGRO,CS,SERBIA AND MONTENEGRO,TRUE
SERBIA AND MONTENEGRO (see individual countries),CS,SERBIA AND MONTENEGRO (see individual countries),TRUE
SIERRA LEONE,SL,SIERRA LEONE,TRUE
SINGAPORE,SG,SINGAPORE,TRUE
SLOVAKIA (Slovak Republic),SK,SLOVAKIA (Slovak Republic),TRUE
SLOVENIA,SI,SLOVENIA,TRUE
SOLOMON ISLANDS,SB,SOLOMON ISLANDS,TRUE
SOUTH AFRICA,ZA,SOUTH AFRICA,TRUE
SPAIN,ES,SPAIN,TRUE
SRI LANKA,LK,SRI LANKA,TRUE
SUDAN,SD,SUDAN,TRUE
SURINAME,SR,SURINAME,TRUE
SVALBARD AND JAN MAYEN ISLANDS,SJ,SVALBARD AND JAN MAYEN ISLANDS,TRUE
SWAZILAND,SZ,SWAZILAND,TRUE
SWEDEN,SE,SWEDEN,TRUE
SWITZERLAND,CH,SWITZERLAND,TRUE
SYRIAN ARAB REPUBLIC,SY,SYRIAN ARAB REPUBLIC,TRUE
"TAIWAN, PROVINCE OF CHINA",TW,"TAIWAN, PROVINCE OF CHINA",TRUE
"TANZANIA, UNITED REPUBLIC OF",TZ,"TANZANIA, UNITED REPUBLIC OF",TRUE
THAILAND,TH,THAILAND,TRUE
TOGO,TG,TOGO,TRUE
TOKELAU,TK,TOKELAU,TRUE
TRINIDAD AND TOBAGO,TT,TRINIDAD AND TOBAGO,TRUE
TUNISIA,TN,TUNISIA,TRUE
TURKEY,TR,TURKEY,TRUE
UGANDA,UG,UGANDA,TRUE
UKRAINE,UA,UKRAINE,TRUE
UNITED ARAB EMIRATES,AE,UNITED ARAB EMIRATES,TRUE
UNITED KINGDOM,GB,UNITED KINGDOM,TRUE
UNITED STATES,US,UNITED STATES,TRUE
UNITED STATES MINOR OUTLYING ISLANDS,UM,UNITED STATES MINOR OUTLYING ISLANDS,TRUE
URUGUAY,UY,URUGUAY,TRUE
UZBEKISTAN,UZ,UZBEKISTAN,TRUE
VATICAN CITY STATE (HOLY SEE),VA,VATICAN CITY STATE (HOLY SEE),TRUE
VENEZUELA,VE,VENEZUELA,TRUE
VIET NAM,VN,VIET NAM,TRUE
VIRGIN ISLANDS (U.S.),VI,VIRGIN ISLANDS (U.S.),TRUE
WALLIS AND FUTUNA ISLANDS,WF,WALLIS AND FUTUNA ISLANDS,TRUE
YEMEN,YE,YEMEN,TRUE
YUGOSLAVIA,YU,YUGOSLAVIA,TRUE
ZAIRE,CD,ZAIRE,TRUE
ZAMBIA,ZM,ZAMBIA,TRUE
ZIMBABWE,ZW,ZIMBABWE,TRUE
